,Product Id,Company Name,Price,Views,Rating,Review Votes
0,clear clean esn sprint epic g galaxy sphdfront cameraandroidsliderqwerty keyboardtouch screen,samsung,199,feel lucky found phone hard phone line upgraded sold son liked old finally fell apart years didnt want upgrade thank seller appreciate honesty said phonei recommend seller highly,5,1
1,clear clean esn sprint epic g galaxy sphdfront cameraandroidsliderqwerty keyboardtouch screen,samsung,199,nice phone nice grade pantach revue clean set easy set android phone fantastic perfect size surfing social media great phone samsung,4,0
2,clear clean esn sprint epic g galaxy sphdfront cameraandroidsliderqwerty keyboardtouch screen,samsung,199,pleased,5,0
3,clear clean esn sprint epic g galaxy sphdfront cameraandroidsliderqwerty keyboardtouch screen,samsung,199,works good goes slow good phone love,4,0
4,clear clean esn sprint epic g galaxy sphdfront cameraandroidsliderqwerty keyboardtouch screen,samsung,199,great phone replace lost phone thing volume button work settings adjust job eligible upgrade phone againthaanks,4,0
5,clear clean esn sprint epic g galaxy sphdfront cameraandroidsliderqwerty keyboardtouch screen,samsung,199,phone problems know stated dang state charge wish read comments purchased item cracked damaged goods trying charge way work requesting money money backsigned unhappy customer,1,1
6,clear clean esn sprint epic g galaxy sphdfront cameraandroidsliderqwerty keyboardtouch screen,samsung,199,charging port loose got soldered needed new battery later including cost purchase usable phone phone sold state,2,0
7,clear clean esn sprint epic g galaxy sphdfront cameraandroidsliderqwerty keyboardtouch screen,samsung,199,phone looks good wouldnt stay charged buy new battery couldnt stay charged longso trashed itmoney lost buy person,2,0
8,clear clean esn sprint epic g galaxy sphdfront cameraandroidsliderqwerty keyboardtouch screen,samsung,199,originally samsung galaxy sprint wanted return samsung epic g sprint missed keyboard liked smaller compact size phone needed basic functions smart phone ie checking email getting directions text messaging phone powerful newer cell phones aware applications install slower phone runs likely freeze time time camera works great video great web browsing decent gives need notice battery life lasts little bit longer charging phone quicker galaxy,5,0
9,clear clean esn sprint epic g galaxy sphdfront cameraandroidsliderqwerty keyboardtouch screen,samsung,199,battery life great responsive touch issue screen goes black press button times screen reilluminate,3,0
10,clear clean esn sprint epic g galaxy sphdfront cameraandroidsliderqwerty keyboardtouch screen,samsung,199,fiance phone previously caused problems course decided browse amazon replacement til contract far good,3,0
11,clear clean esn sprint epic g galaxy sphdfront cameraandroidsliderqwerty keyboardtouch screen,samsung,199,great product came days ordering little blemish sidebut cares long phone fullly functionali recommend product reading,5,0
12,clear clean esn sprint epic g galaxy sphdfront cameraandroidsliderqwerty keyboardtouch screen,samsung,199,guys best little situation item quickly fixed issue pleased definitely buying phon need,5,2
13,clear clean esn sprint epic g galaxy sphdfront cameraandroidsliderqwerty keyboardtouch screen,samsung,199,im disappointed phone service phone went week ago instead handling issue surfaced ive told im stick phone im dollars service im havent received mailing label return item purchase amazon im rushing use smartphones business anytime soon thought getting deal like im lucked,1,1
14,clear clean esn sprint epic g galaxy sphdfront cameraandroidsliderqwerty keyboardtouch screen,samsung,199,ordered phone replacement model contract expires new seller confirmation said delivery days seller sent phone hours receiving order phone day phone looks better described able transfer data old new problems highly recommend seller,5,1
15,clear clean esn sprint epic g galaxy sphdfront cameraandroidsliderqwerty keyboardtouch screen,samsung,199,phone loved working got phone thing sd card slot open try access file managment computer card fine able open phone trying trouble shoot,2,0
16,clear clean esn sprint epic g galaxy sphdfront cameraandroidsliderqwerty keyboardtouch screen,samsung,199,able phone previously ownedwith keyboard touch screen best phone love clean device service provider worth,5,6
17,clear clean esn sprint epic g galaxy sphdfront cameraandroidsliderqwerty keyboardtouch screen,samsung,199,brought phone replacement daughter hard cell phones great purchase phone work wonderful thank,5,0
18,clear clean esn sprint epic g galaxy sphdfront cameraandroidsliderqwerty keyboardtouch screen,samsung,199,love phone need works great purchased phones seller shipped amazons warehouse problem phone didnt come micro sd card couldnt use camera got card problems getting activated sprint,4,1
19,clear clean esn sprint epic g galaxy sphdfront cameraandroidsliderqwerty keyboardtouch screen,samsung,199,unfortunately sprint activate phone blocking issue phone matter handled quickly satisfied service,3,0
20,clear clean esn sprint epic g galaxy sphdfront cameraandroidsliderqwerty keyboardtouch screen,samsung,199,battery old barely holds charge issues phone,4,0
21,clear clean esn sprint epic g galaxy sphdfront cameraandroidsliderqwerty keyboardtouch screen,samsung,199,prosbeautiful screencapable running chrometake good picturesthe keyboard comfyfits pocket fit handsplays good videos gamesconsno bluetoothcame laterun fast quickdoesnt play p videosbut recommend like talk text lot like watch lot movies,4,0
22,clear clean esn sprint epic g galaxy sphdfront cameraandroidsliderqwerty keyboardtouch screen,samsung,199,purchased phone december christmas present son called sprint activate phone find esn wasnt clear told come store research phone wasnt clear reached company inform esn wasnt clean told send phone send phone asked representative provide esn sure clear told didnt phone available guaranteed clear shouldve known wrong received second phone turned clear esn representative sprint informed seller phones aware esn isnt clear send phone asked refund phone shipping sent phones didnt clear esn received refund phone refund shipping wouldnt suggest buy,1,19
23,clear clean esn sprint epic g galaxy sphdfront cameraandroidsliderqwerty keyboardtouch screen,samsung,199,phone good little slow phone old great phone temporary right thank great deal,4,0
24,clear clean esn sprint epic g galaxy sphdfront cameraandroidsliderqwerty keyboardtouch screen,samsung,199,phones speaker little low overall happy phone purchase cell phone chubbietech satisfied,4,0
25,clear clean esn sprint epic g galaxy sphdfront cameraandroidsliderqwerty keyboardtouch screen,samsung,199,phone great good condition daughter happy andriod user,5,0
26,clear clean esn sprint epic g galaxy sphdfront cameraandroidsliderqwerty keyboardtouch screen,samsung,199,reasons star rating opinion better iphone tends randomly crash randomly power good storage space battery usage camera,3,0
27,clear clean esn sprint epic g galaxy sphdfront cameraandroidsliderqwerty keyboardtouch screen,samsung,199,phone works great problems,5,0
28,clear clean esn sprint epic g galaxy sphdfront cameraandroidsliderqwerty keyboardtouch screen,samsung,199,good condition work good,1,0
29,clear clean esn sprint epic g galaxy sphdfront cameraandroidsliderqwerty keyboardtouch screen,samsung,199,good phone great screen resolution storage low need sd card clear esn dont expect use things like freedompop,1,0
30,clear clean esn sprint epic g galaxy sphdfront cameraandroidsliderqwerty keyboardtouch screen,samsung,199,described fast ship,5,0
31,clear clean esn sprint epic g galaxy sphdfront cameraandroidsliderqwerty keyboardtouch screen,samsung,199,perfect way,5,0
32,clear clean esn sprint epic g galaxy sphdfront cameraandroidsliderqwerty keyboardtouch screen,samsung,199,phones bad charger port want send,2,0
33,clear clean esn sprint epic g galaxy sphdfront cameraandroidsliderqwerty keyboardtouch screen,samsung,199,got phone great phone easy use,5,0
34,clear clean esn sprint epic g galaxy sphdfront cameraandroidsliderqwerty keyboardtouch screen,samsung,199,phone great gotten old time replacementit great lasted,5,0
35,clear clean esn sprint epic g galaxy sphdfront cameraandroidsliderqwerty keyboardtouch screen,samsung,199,phone came great condition great price brings great memories owning phone,5,0
36,clear clean esn sprint epic g galaxy sphdfront cameraandroidsliderqwerty keyboardtouch screen,samsung,199,met expectations cant complain great price,5,0
37,nokia asha unlocked gsm phone mp camera video qwerty keyboard wifi bluetooth fm radio sns integration mpmp player microsd slot white international versionwarranty,nokia,299,phone working planning use whatsapp oh problem cant change idiom,5,0
38,nokia asha unlocked gsm phone mp camera video qwerty keyboard wifi bluetooth fm radio sns integration mpmp player microsd slot white international versionwarranty,nokia,299,excellent product perfect condition,5,0
39,nokia asha unlocked gsm phone mp camera video qwerty keyboard wifi bluetooth fm radio sns integration mpmp player microsd slot white international versionwarranty,nokia,299,excellent,5,0
40,nokia asha unlocked gsm phone mp camera video qwerty keyboard wifi bluetooth fm radio sns integration mpmp player microsd slot white international versionwarranty,nokia,299,excelente,5,0
41,nokia asha unlocked gsm phone mp camera video qwerty keyboard wifi bluetooth fm radio sns integration mpmp player microsd slot white international versionwarranty,nokia,299,excelente,5,0
42,nokia asha unlocked gsm phone mp camera video qwerty keyboard wifi bluetooth fm radio sns integration mpmp player microsd slot white international versionwarranty,nokia,299,like phone bought mom loves,2,0
43,nokia asha unlocked gsm phone mp camera video qwerty keyboard wifi bluetooth fm radio sns integration mpmp player microsd slot white international versionwarranty,nokia,299,came arabian keyboard,2,0
44,nokia asha unlocked gsm phone mp camera video qwerty keyboard wifi bluetooth fm radio sns integration mpmp player microsd slot white international versionwarranty,nokia,299,love phone problem problem onlyonce mic goes thats mic beating,3,0
45,nokia asha unlocked gsm phone mp camera video qwerty keyboard wifi bluetooth fm radio sns integration mpmp player microsd slot white international versionwarranty,nokia,299,love,5,0
46,nokia asha unlocked gsm phone mp camera video qwerty keyboard wifi bluetooth fm radio sns integration mpmp player microsd slot white international versionwarranty,nokia,299,practical userfriendly phone satisfied,5,0
47,nokia asha unlocked gsm phone mp camera video qwerty keyboard wifi bluetooth fm radio sns integration mpmp player microsd slot white international versionwarranty,nokia,299,sharp classy phone,5,0
48,nokia asha unlocked gsm phone mp camera video qwerty keyboard wifi bluetooth fm radio sns integration mpmp player microsd slot white international versionwarranty,nokia,299,good,5,0
49,nokia asha unlocked gsm phone mp camera video qwerty keyboard wifi bluetooth fm radio sns integration mpmp player microsd slot white international versionwarranty,nokia,299,gooddd,5,0
50,nokia asha unlocked gsm phone mp camera video qwerty keyboard wifi bluetooth fm radio sns integration mpmp player microsd slot white international versionwarranty,nokia,299,shipped quickly exactly expected,5,0
51,nokia asha unlocked gsm phone mp camera video qwerty keyboard wifi bluetooth fm radio sns integration mpmp player microsd slot white international versionwarranty,nokia,299,works wonderful price,4,0
52,nokia asha unlocked gsm phone mp camera video qwerty keyboard wifi bluetooth fm radio sns integration mpmp player microsd slot white international versionwarranty,nokia,299,bought alternative smart phone data plan use gophone payasyougo plan phone functions great radio music players good sound quality smart phone type features easier faster use smart phone software glitches documented nokia support site proved easily fixed nokia based features longer supported microsoft use features needed accessing web directly wifi connection data want pay privilege launching siteapplication new nokia browser pretty spartan appearance fast runs good stability big guy lands large size find qwerty keyboard pretty easy use like programmable hot keys onscreen shortcuts keeps launching items require data connections accident lighting thorough raised buttons tactile positive click response phone quirks airplane mode far tell flight profile doesnt able set broadcasting receiving functions turned main navigation buttonmouse little small doesnt respond expected recommend phone vendor highly want features smart phone dont need gps big data bill month bunch things dont need want life running smoothly,5,1
53,nokia asha unlocked gsm phone mp camera video qwerty keyboard wifi bluetooth fm radio sns integration mpmp player microsd slot white international versionwarranty,nokia,299,muy buen producto,5,0
54,nokia asha unlocked gsm phone mp camera video qwerty keyboard wifi bluetooth fm radio sns integration mpmp player microsd slot white international versionwarranty,nokia,299,phone trapped want simple phone old school flip phone want work blackberry somthing new isnt middle dimension frustration phone,2,0
55,nokia asha unlocked gsm phone mp camera video qwerty keyboard wifi bluetooth fm radio sns integration mpmp player microsd slot white international versionwarranty,nokia,299,excellent,5,0
56,nokia asha unlocked gsm phone mp camera video qwerty keyboard wifi bluetooth fm radio sns integration mpmp player microsd slot white international versionwarranty,nokia,299,friend mentioned phone worth said thanks lot friend,4,0
57,nokia asha unlocked gsm phone mp camera video qwerty keyboard wifi bluetooth fm radio sns integration mpmp player microsd slot white international versionwarranty,nokia,299,unlocked gsm nokia asha philippines recently janfeb excellent problem functionality bought p sim card airport presto worked passed brother instant came visiting philippines soon easy use smart phones w touch screen surprised worked w easily read instructions operate ill buy like definitely upgraded version nokia unlocked gsm phone,5,1
58,nokia asha unlocked gsm phone mp camera video qwerty keyboard wifi bluetooth fm radio sns integration mpmp player microsd slot white international versionwarranty,nokia,299,excelente,5,0
59,nokia asha unlocked gsm phone mp camera video qwerty keyboard wifi bluetooth fm radio sns integration mpmp player microsd slot white international versionwarranty,nokia,299,excellent phone youngest son walk reasonable options quality,5,0
60,nokia asha unlocked gsm phone mp camera video qwerty keyboard wifi bluetooth fm radio sns integration mpmp player microsd slot white international versionwarranty,nokia,299,excelente,5,0
61,nokia asha unlocked gsm phone mp camera video qwerty keyboard wifi bluetooth fm radio sns integration mpmp player microsd slot white international versionwarranty,nokia,299,solid phone,5,0
62,nokia asha unlocked gsm phone mp camera video qwerty keyboard wifi bluetooth fm radio sns integration mpmp player microsd slot white international versionwarranty,nokia,299,good choice,5,0
63,nokia asha unlocked gsm phone mp camera video qwerty keyboard wifi bluetooth fm radio sns integration mpmp player microsd slot white international versionwarranty,nokia,299,perfect practical easy handle good resolution packed,4,0
64,nokia asha unlocked gsm phone mp camera video qwerty keyboard wifi bluetooth fm radio sns integration mpmp player microsd slot white international versionwarranty,nokia,299,excellent product righti recommend,5,0
65,nokia asha unlocked gsm phone mp camera video qwerty keyboard wifi bluetooth fm radio sns integration mpmp player microsd slot white international versionwarranty,nokia,299,excelente,5,0
66,nokia asha unlocked gsm phone mp camera video qwerty keyboard wifi bluetooth fm radio sns integration mpmp player microsd slot white international versionwarranty,nokia,299,excelente,5,0
67,nokia asha unlocked gsm phone mp camera video qwerty keyboard wifi bluetooth fm radio sns integration mpmp player microsd slot white international versionwarranty,nokia,299,nokia brand telephone good price excellent team gift daughter liked easy use affordable price recommend,5,1
68,nokia asha unlocked gsm phone mp camera video qwerty keyboard wifi bluetooth fm radio sns integration mpmp player microsd slot white international versionwarranty,nokia,299,let ive nokia user cell phone age years ago course year ventured samsung land phone died nokia went ive enjoyed nokia phonessecond ive looking qwerty phone internetvideomp playing capabilities asha fits strong build dropped numerous times phone intact like keyboard fan touchscreens didnt asha far sound think depends headphones earbuds produced loudness decibels listening experience mediocre bought buds db loudness sound better nokia xpress bit sucky downloaded opera browser phone works slightly better internet experience pretty easy wont video games sns dont pc dont reason use phonemy wish built antenna listen radio rds earbuds great phone want blackberrys dont want pay nokia asha great phone start withedit october found agino cm section telescoping stainless steel fm radio antenna mm plugto use playing radio speaker im enjoying phone im sitting outside friends desk,4,12
69,nokia asha unlocked gsm phone mp camera video qwerty keyboard wifi bluetooth fm radio sns integration mpmp player microsd slot white international versionwarranty,nokia,299,nokia asha unlocked gsm phone mp camera video qwertydependabletraditional nokia menusnot complicated like smart phonesdurableeasy use straighttalk internet wifi bluetooth,5,13
70,nokia asha unlocked gsm phone mp camera video qwerty keyboard wifi bluetooth fm radio sns integration mpmp player microsd slot white international versionwarranty,nokia,299,solidlybuilt unlocked phone update popular nokia c runs software goods bads good reception nice audio g supports bands att tmobile hspa refarmed pcs band bandthe keyboard pretty good firm nokia qwerty phones eg e comparable c keyboard obviously world market added european chars symbols keypad wifi works fine opera mini installed runs problems good way bit websurfing tried email social clients text messaging set normal inbox conversation modes ovi store app work couple features found appealing ability backup phone memory sd card ability lock keypad passcode manually automatically set time battery fairly good sized blj function keys dpad keys reassigned user defined shortcuts opinion worthy update g c league expensive e multitasking software price unlocked feature gsmg phone worth considering long knows getting nonsmart phone apps limited,5,17
71,nokia asha unlocked gsm phone mp camera video qwerty keyboard wifi bluetooth fm radio sns integration mpmp player microsd slot white international versionwarranty,nokia,299,hola compramos dos telfonos vienieron totalente diferentes uno vino con la batera daada se descarga de inmediato el otro telfono vino sin la tarjeta de memoria los teclados cargadores son muy distintosmi ta yo nos sentimos engaadas defraudadas,1,2
72,nokia asha unlocked gsm phone mp camera video qwerty keyboard wifi bluetooth fm radio sns integration mpmp player microsd slot white international versionwarranty,nokia,299,cellphone easy complete apps important contact people incorporated use wi fi connection satisfied purchased simple phone complete important,5,4
73,nokia asha unlocked gsm phone mp camera video qwerty keyboard wifi bluetooth fm radio sns integration mpmp player microsd slot white international versionwarranty,nokia,299,gracias llego el procto que compre llevo en el momento indicado en un buen envalaje lo recomiendo sastifactoriamente,5,0
74,nokia asha unlocked gsm phone mp camera video qwerty keyboard wifi bluetooth fm radio sns integration mpmp player microsd slot white international versionwarranty,nokia,299,freezes alot bought primarily playing music instead bb great phone sms rings loud body strong neat,4,1
75,nokia asha unlocked gsm phone mp camera video qwerty keyboard wifi bluetooth fm radio sns integration mpmp player microsd slot white international versionwarranty,nokia,299,keys little hard hit didnt expect spanish keyboard overall good phone,4,0
76,nokia asha unlocked gsm phone mp camera video qwerty keyboard wifi bluetooth fm radio sns integration mpmp player microsd slot white international versionwarranty,nokia,299,preface considered smartphone united states par android iphone windows phone basically feature phone says warranty warranty material came referenced latin american countries sure covered warranty returned amazons return window wasnt issue phone reviewpros phone great keyboard familiar eseries phones type keyboard interface sort modified symbian liked lot ways style hardware attractive gray nice color camera pretty decent considering megapixels email adequatecons ill start small issues work big problem ultimately decide return phone onboard social network apps fully functional update facebook twitter status rest soso ovi store general poor app store phone isnt able use old facebook app old e called snaptu facebook renamed facebook incompatible phone better apps ovi store browser mediocre barely passable gps phone nokiaovi maps incompatible bad nokia strength immediately eliminates phone smart phone said bought phone wife needed phone texts calls overlooked things problem overlook shabby flimsy piece metal supposed hold place standard sim card little piece metal barely attached phone lock place hold sim card sim card intermittently lose inside phone constantly lose signal battery readjust sim card work little ultimately repeat process way frustration worth bad basic phone calls texts email occasionally updating facebooktwitter status phone lot potential becuase problem sim card holder essentially unusable nokia phones years use lumia personally surprised nokia sloppy job important holds sim card place waste,2,9
77,nokia asha unlocked gsm phone mp camera video qwerty keyboard wifi bluetooth fm radio sns integration mpmp player microsd slot white international versionwarranty,nokia,299,received phone days ago consumer cellular sim card ready phone nice come close discovering things large number ring tones built,5,3
78,nokia asha unlocked gsm phone mp camera video qwerty keyboard wifi bluetooth fm radio sns integration mpmp player microsd slot white international versionwarranty,nokia,299,bought phone christmas present wanted bit advanced nokia c purchased amazon didnt want way smartphone words good feature phone smartphone features touch screen red favorite color went white c silver couldnt find silver asha amazon ive week works great best wifi feature gives access web purchasing data plan want access personal email facebook great calendar alarm clock text messaging camera missedreceived features c makes keeper little bigger wider screen big cant fit pocket purse use nokia charger c await arrival purple phone skin ill right ive nokia phones theyve let better,5,3
79,nokia asha unlocked gsm phone mp camera video qwerty keyboard wifi bluetooth fm radio sns integration mpmp player microsd slot white international versionwarranty,nokia,299,phone pretty good lycamobile plan thing awkward row letters compared phones devices blackberry trying type nokia mistyping ms ns espectially shift key need hit insert punctuation,4,2
80,nokia asha unlocked gsm phone mp camera video qwerty keyboard wifi bluetooth fm radio sns integration mpmp player microsd slot white international versionwarranty,nokia,299,loved looks like touch phone makes stylish classic,5,1
81,nokia asha unlocked gsm phone mp camera video qwerty keyboard wifi bluetooth fm radio sns integration mpmp player microsd slot white international versionwarranty,nokia,299,solution want looking economic sophisticated price good choice product receiverecommend,5,2
82,nokia asha unlocked gsm phone mp camera video qwerty keyboard wifi bluetooth fm radio sns integration mpmp player microsd slot white international versionwarranty,nokia,299,phone excellent phone great price impressed features phone recommend,5,1
83,nokia asha unlocked gsm phone mp camera video qwerty keyboard wifi bluetooth fm radio sns integration mpmp player microsd slot white international versionwarranty,nokia,299,problems setting correct time nokia asha customer support nokiacom accept inquiry asha phones product obsolete nokia customer support poor booklet came phone poorly written,3,5
84,nokia asha unlocked gsm phone mp camera video qwerty keyboard wifi bluetooth fm radio sns integration mpmp player microsd slot white international versionwarranty,nokia,299,good phone small screen capable performing basic functions calling messaging web browsing social networking wifi capability,4,1
85,nokia asha unlocked gsm phone mp camera video qwerty keyboard wifi bluetooth fm radio sns integration mpmp player microsd slot white international versionwarranty,nokia,299,ive long time user iphone finally got sick sold wanted simple phone going fits bill texting interface nice intuitive battery life stellar connects internet fine check email case emergency look directions etc basically able smartphone bells whistles physical keyboard nice os stable snappy things like calendar todo memos etcbackup snap insert sd card settings itunes want add music podcasts plug computer copy paste sd card youre donei buy phone definitely broke lost,5,2
86,nokia asha unlocked gsm phone mp camera video qwerty keyboard wifi bluetooth fm radio sns integration mpmp player microsd slot white international versionwarranty,nokia,299,phone like nokias feature phones great value durability phone buying nokia c great phone lasted years probably kept going hadnt accidentally jumped pool pocket p phone basically update c sleek small qwerty keyboard wifi internet browsing best phone youre looking functionality dont want throw hundreds dollars smartphone data planand buyer aware smartphone youre looking like smartphone disappointed youre looking toy pocket couple minutes tinker disappointed yes internet browser works screen small good recreational browsing use look things works fine social network apps dont use dont know work thats priority phone probably isnt best choice goes camera dont use cant speak quality camera important isnt best choicethe potential negative phone keys pretty small havent issue personally big hands annoyingi bought phone advantages owning smartphone longer battery life higher durability lower cost good accomplishing needs youre looking thing nokia definitely best way,5,12
87,nokia asha unlocked gsm phone mp camera video qwerty keyboard wifi bluetooth fm radio sns integration mpmp player microsd slot white international versionwarranty,nokia,299,love,5,0
88,nokia asha unlocked gsm phone mp camera video qwerty keyboard wifi bluetooth fm radio sns integration mpmp player microsd slot white international versionwarranty,nokia,299,sorry took long reply review purchase monthsthis phone clone phone hong kongthe quality fairall symbols dont matchsuch phone works think amazon boycott seller,2,0
89,nokia asha unlocked gsm phone mp camera video qwerty keyboard wifi bluetooth fm radio sns integration mpmp player microsd slot white international versionwarranty,nokia,299,bought gift mum loves strong durable phone good reception functions,5,0
90,nokia asha unlocked gsm phone mp camera video qwerty keyboard wifi bluetooth fm radio sns integration mpmp player microsd slot white international versionwarranty,nokia,299,incredible phone splaniish language dont understand international version lost money,1,0
91,nokia asha unlocked gsm phone mp camera video qwerty keyboard wifi bluetooth fm radio sns integration mpmp player microsd slot white international versionwarranty,nokia,299,bad,1,0
92,nokia asha unlocked gsm phone mp camera video qwerty keyboard wifi bluetooth fm radio sns integration mpmp player microsd slot white international versionwarranty,nokia,299,good,5,0
93,nokia asha unlocked gsm phone mp camera video qwerty keyboard wifi bluetooth fm radio sns integration mpmp player microsd slot white international versionwarranty,nokia,299,battery died hours,1,0
94,nokia asha unlocked gsm phone mp camera video qwerty keyboard wifi bluetooth fm radio sns integration mpmp player microsd slot white international versionwarranty,nokia,299,excellent product,5,0
95,nokia asha unlocked gsm phone mp camera video qwerty keyboard wifi bluetooth fm radio sns integration mpmp player microsd slot white international versionwarranty,nokia,299,,5,0
96,nokia asha unlocked gsm phone mp camera video qwerty keyboard wifi bluetooth fm radio sns integration mpmp player microsd slot white international versionwarranty,nokia,299,connect gsm network,1,0
97,nokia asha unlocked gsm phone mp camera video qwerty keyboard wifi bluetooth fm radio sns integration mpmp player microsd slot white international versionwarranty,nokia,299,cell phone exceeded expectations user friendly works like said price amazingly cheap features enormous helpful,4,1
98,nokia asha unlocked gsm phone mp camera video qwerty keyboard wifi bluetooth fm radio sns integration mpmp player microsd slot white international versionwarranty,nokia,299,pros works fine easy use heavycons apps android iphone bb,4,1
99,nokia asha unlocked gsm phone mp camera video qwerty keyboard wifi bluetooth fm radio sns integration mpmp player microsd slot white international versionwarranty,nokia,299,went lots reviews different phone buying found phone pretty good problems far,5,1
100,nokia asha unlocked gsm phone mp camera video qwerty keyboard wifi bluetooth fm radio sns integration mpmp player microsd slot white international versionwarranty,nokia,299,excelente,5,0
101,nokia asha unlocked gsm phone mp camera video qwerty keyboard wifi bluetooth fm radio sns integration mpmp player microsd slot white international versionwarranty,nokia,299,ok phone dont like keyboard language options korean chinese,3,0
102,nokia asha unlocked gsm phone mp camera video qwerty keyboard wifi bluetooth fm radio sns integration mpmp player microsd slot white international versionwarranty,nokia,299,excelente,5,0
103,nokia asha unlocked gsm phone mp camera video qwerty keyboard wifi bluetooth fm radio sns integration mpmp player microsd slot white international versionwarranty,nokia,299,phone works great looks great shipped quiet quickly issue european charger purchase microusb usb cable charge phone download update system way,4,0
104,nokia asha unlocked gsm phone mp camera video qwerty keyboard wifi bluetooth fm radio sns integration mpmp player microsd slot white international versionwarranty,nokia,299,ver good,5,0
105,nokia asha unlocked gsm phone mp camera video qwerty keyboard wifi bluetooth fm radio sns integration mpmp player microsd slot white international versionwarranty,nokia,299,pretty capable durable texting phone unlocked advertised version received arabic keys addition typical iso basic latin symbols missing like,3,2
106,nokia asha unlocked gsm phone mp camera video qwerty keyboard wifi bluetooth fm radio sns integration mpmp player microsd slot white international versionwarranty,nokia,299,excellent phone special functions communicated social networks excellent operationali recommend excellent product,5,0
107,nokia asha unlocked gsm phone mp camera video qwerty keyboard wifi bluetooth fm radio sns integration mpmp player microsd slot white international versionwarranty,nokia,299,buy feels like pretended toy hand want kids ok,1,0
108,nokia asha unlocked gsm phone mp camera video qwerty keyboard wifi bluetooth fm radio sns integration mpmp player microsd slot white international versionwarranty,nokia,299,excellent phone adults recommend whatsapp internet app radio keyboard qwerty easy use display big visualiser funny,5,1
109,nokia asha unlocked gsm phone mp camera video qwerty keyboard wifi bluetooth fm radio sns integration mpmp player microsd slot white international versionwarranty,nokia,299,enjoyed nokia c phone years tired needed update asha phone symbian simple goodness higher quality set hardware screen sharper processor faster phone takes nice clear pictures pretty good ring alert tones discreet professional internet mail stuff actually useable tmobiles g network requires little data stay connected minumal plan strangely wifi receives signal insists network data probably setting menu toggled right setting want phone texts easily day battery convenient useable features crack open crackpipe internet constanly asha style future bet endrun type practical phone,5,1
118,landvo capacitive touch mtk quad core android g phone mb ram gb rom mp cam wifi gps black,htm,69,exelente,5,0
119,landvo capacitive touch mtk quad core android g phone mb ram gb rom mp cam wifi gps black,htm,69,phone works great price got ups ups guy dropped screen door big door,5,1
120,landvo capacitive touch mtk quad core android g phone mb ram gb rom mp cam wifi gps black,htm,69,keeping mind sub phone generally advertised cheapest quadcore phone landvo l turned good phone exceeded expectations research landvo new company l model released march took risk isnt huge risk buying april reviews available main thing looking powerful inexpensive phone price point battery life major factor purchased phone basis phone price range time quadcore processor sports mah battery largest battery price point available modelsthere lot things immediately liked phone despite low resolution lack ips screen pretty crisp viewing angles decent battery life goodas averaging days average use charge day heavy use usually range isnt bad shocked build quality phone heavier namebrand competition size class weighty solid feel sides metal volume rocker power button creaks fits tightly fit finish notch believe screen plastic glass pros cons plastic screen susceptible scratching mean worry cracked screen drop phone phone came screen protector prefitted phone additional box included silicone case relatively simple nice touch especially owing fact noname brand phone unlikely party support cases suchhowever recommended phone time performance lackluster quadcore soc snappy small mb ram suffering android wary purchasing phone gb ram regretting point freeze stutter simplest tasks hammering text forth best efforts streamline system possible running smoothly fact didnt ram power android comfortably ready ditch phone newi completely changed tune wouldnt hesitate recommend phone heartbeat surprisingly landvo supported releasing official kitkat rom phone tech savvy boon kitkat actually streamlined google devices mb ram run comfortably bit resource hog point figured losei planning dumping phone anyways needless flashing kitkat world difference performance literally night day upgrading literally got rid lag experiencing phone fasti argue faster sero pro tablet running old venerable tegra processor demanding apps load quickly stuttering animations smooth joy use phoneif looking ridiculously cheap fast android phone good battery life good build quality looking hands going compete totl phones measly shouldnt expecting perfectly usable phone throw away price ive noticed vendors selling l android installed looks like new stock phone upgraded tech savvy comfortable flashing phone sure purchase installed love,5,16
121,landvo capacitive touch mtk quad core android g phone mb ram gb rom mp cam wifi gps black,htm,69,good product recomended need fast good looking goodthank,5,9
122,landvo capacitive touch mtk quad core android g phone mb ram gb rom mp cam wifi gps black,htm,69,autistic son glory lol thank,5,0
123,landvo capacitive touch mtk quad core android g phone mb ram gb rom mp cam wifi gps black,htm,69,good phone glitchy laggy fee problems storage small gb camera poor quality im pretty certain buy galaxy camera install phone pretty great phone,4,0
124,landvo capacitive touch mtk quad core android g phone mb ram gb rom mp cam wifi gps black,htm,69,problem taking phone straight talkthe phone came weeks thing didnt like camera horrible trying picture pictures wasnt clear,4,0
125,landvo capacitive touch mtk quad core android g phone mb ram gb rom mp cam wifi gps black,htm,69,delivery fast overall quality phone like price cheap good quality camera feature use durable screen damaged inch drop suppose pay month willing buy real phone lose terrible,2,0
126,landvo capacitive touch mtk quad core android g phone mb ram gb rom mp cam wifi gps black,htm,69,perfect,5,0
127,landvo capacitive touch mtk quad core android g phone mb ram gb rom mp cam wifi gps black,htm,69,worked ok awhile time tap shuts,1,0
128,landvo capacitive touch mtk quad core android g phone mb ram gb rom mp cam wifi gps black,htm,69,great phone sone happy needed extra microsd card storage,5,0
129,landvo capacitive touch mtk quad core android g phone mb ram gb rom mp cam wifi gps black,htm,69,valid movilnet venezuela low memory bad camera low price great,3,0
130,landvo capacitive touch mtk quad core android g phone mb ram gb rom mp cam wifi gps black,htm,69,good excellent,5,0
131,landvo capacitive touch mtk quad core android g phone mb ram gb rom mp cam wifi gps black,htm,69,got phone poor camera day hit phone pencil turned immediately like phone whatsoever recommend getting phone especially like lot pictures use lot apps storage poor,2,0
132,landvo capacitive touch mtk quad core android g phone mb ram gb rom mp cam wifi gps black,htm,69,cheap fast,5,0
133,landvo capacitive touch mtk quad core android g phone mb ram gb rom mp cam wifi gps black,htm,69,phone works great charger outlet phone fixed sent falls phone doesnt charge cost dollars charger fixed messes motherboard thats phone,3,0
134,landvo capacitive touch mtk quad core android g phone mb ram gb rom mp cam wifi gps black,htm,69,good cell,5,0
135,landvo capacitive touch mtk quad core android g phone mb ram gb rom mp cam wifi gps black,htm,69,responsible seller excellent product,5,0
136,landvo capacitive touch mtk quad core android g phone mb ram gb rom mp cam wifi gps black,htm,69,muy bueno,4,0
137,landvo capacitive touch mtk quad core android g phone mb ram gb rom mp cam wifi gps black,htm,69,fino fino,5,0
138,landvo capacitive touch mtk quad core android g phone mb ram gb rom mp cam wifi gps black,htm,69,exelentes equipos en lenguaje criollo son una verdaderas naves,5,0
139,landvo capacitive touch mtk quad core android g phone mb ram gb rom mp cam wifi gps black,htm,69,good,5,0
140,landvo capacitive touch mtk quad core android g phone mb ram gb rom mp cam wifi gps black,htm,69,great price hate change lock screen wantand default wallpapers lockscreen,4,1
141,landvo capacitive touch mtk quad core android g phone mb ram gb rom mp cam wifi gps black,htm,69,got new phone loved phone android small limited let set sd card want upgrade new android heard work better figure straight talk problem setting straight talk apn setting far want find better protection case found like hopefully phone,5,3
142,xmas deal new edition jethro scv flip quadband unlocked gsm senior kids cell phone sos emergency button large lcd large keypad,jethro,79,like fm radio feature charge cradle switched lg flip phone cost best buyreception weak signal areas good lg phone tmobile networkbacklighting uneven keypad number bright phoneuser manual small phone designed older people manual size phone fits small box shipping manual doesnt explain use button clear concise wayi couldnt alarm repeat daily turning alarm cancel alarm day,2,0
143,xmas deal new edition jethro scv flip quadband unlocked gsm senior kids cell phone sos emergency button large lcd large keypad,jethro,79,bouht phone year old mother macular degeneration loves easy big numbers dialing,5,1
144,xmas deal new edition jethro scv flip quadband unlocked gsm senior kids cell phone sos emergency button large lcd large keypad,jethro,79,like adlove,5,1
145,xmas deal new edition jethro scv flip quadband unlocked gsm senior kids cell phone sos emergency button large lcd large keypad,jethro,79,charger work parents started cable directly phone,3,0
146,xmas deal new edition jethro scv flip quadband unlocked gsm senior kids cell phone sos emergency button large lcd large keypad,jethro,79,family member zero interest learning tech years ago gave old tmobile pre paid flip phone kept years backup phone perfect want learn problem phone buttons small getting hard ordered sim away went loves lot extra stuff decides wants learn loves larger buttons dead simple use wants,5,1
147,xmas deal new edition jethro scv flip quadband unlocked gsm senior kids cell phone sos emergency button large lcd large keypad,jethro,79,good quality phone,5,0
148,xmas deal new edition jethro scv flip quadband unlocked gsm senior kids cell phone sos emergency button large lcd large keypad,jethro,79,work tmobile tmobile closes towers nontmobile phones,2,1
149,xmas deal new edition jethro scv flip quadband unlocked gsm senior kids cell phone sos emergency button large lcd large keypad,jethro,79,screen size good easy read sound little louder okay settings little cryptic job extra key stokes needed dont care way setup texting hit button twice capital letter hit turn capitals brand phone automatically capitalized letter period good phone worth money,5,1
150,xmas deal new edition jethro scv flip quadband unlocked gsm senior kids cell phone sos emergency button large lcd large keypad,jethro,79,like th cellphone dad year dad type heavy labour work process ends destroying process impressions recieved cellphone mail keypad like numbers huge display clear crispy simple understand problem adjusting new deviceit fm radio need headphones work camera ok best plausible sd slot media play music videos files dont try search folders memory like led light alert notifications plus ringtones pretty loud good pick aging parents,5,1
151,xmas deal new edition jethro scv flip quadband unlocked gsm senior kids cell phone sos emergency button large lcd large keypad,jethro,79,great phone visually impaired problem getting partner,5,1
152,xmas deal new edition jethro scv flip quadband unlocked gsm senior kids cell phone sos emergency button large lcd large keypad,jethro,79,complicated expected terrible reception hard mom use frustrates,1,2
153,xmas deal new edition jethro scv flip quadband unlocked gsm senior kids cell phone sos emergency button large lcd large keypad,jethro,79,internet,3,0
154,xmas deal new edition jethro scv flip quadband unlocked gsm senior kids cell phone sos emergency button large lcd large keypad,jethro,79,phone reception poor incoming calls,1,1
155,xmas deal new edition jethro scv flip quadband unlocked gsm senior kids cell phone sos emergency button large lcd large keypad,jethro,79,nice phone easy read screen senior tech learning curve steep support jethro easy knowledgeable easy understand patient willing help recommend phone sos button good feature limited use telephone expensive tool life line,4,6
156,xmas deal new edition jethro scv flip quadband unlocked gsm senior kids cell phone sos emergency button large lcd large keypad,jethro,79,sleek design easy use makes phone good large text plus,5,3
157,xmas deal new edition jethro scv flip quadband unlocked gsm senior kids cell phone sos emergency button large lcd large keypad,jethro,79,husband loves simple use large numbers simpler better,5,7
158,xmas deal new edition jethro scv flip quadband unlocked gsm senior kids cell phone sos emergency button large lcd large keypad,jethro,79,reason gave star little hard elder person use,3,1
159,xmas deal new edition jethro scv flip quadband unlocked gsm senior kids cell phone sos emergency button large lcd large keypad,jethro,79,instruction book better senior need big print phone website page clearly tells seniors instructions places especially traveling computer readily hand remember laptop generation getting tablets small far great love ask brother jethro leaving,5,11
160,xmas deal new edition jethro scv flip quadband unlocked gsm senior kids cell phone sos emergency button large lcd large keypad,jethro,79,phone purchased father like features price excellent deal took exactly month working phone issue phone unlocked phone consumer cellular manual came phone good things manual match phonei received lot help jethro jeffrey jethro godsend extremely helpful cheerful voice called sent pictures etc took help issues obvious problem jethros endi like phone stars jeffrey hope jethro realizes great employee,5,15
161,xmas deal new edition jethro scv flip quadband unlocked gsm senior kids cell phone sos emergency button large lcd large keypad,jethro,79,works good g simple use frills,5,11
162,xmas deal new edition jethro scv flip quadband unlocked gsm senior kids cell phone sos emergency button large lcd large keypad,jethro,79,simple sleek minimalist accepts sim perfect backup phone nice matte finish pretty emerald green notification light cool alarmsringtoneswhat improved limited space messages stop accepting txts adding sd card didnt help wasnt programmed utilize messages camera worse security footage bother menu structure intuitive,5,0
163,xmas deal new edition jethro scv flip quadband unlocked gsm senior kids cell phone sos emergency button large lcd large keypad,jethro,79,sounds like water shuts,2,0
164,xmas deal new edition jethro scv flip quadband unlocked gsm senior kids cell phone sos emergency button large lcd large keypad,jethro,79,contacting jethro customer service couple keys sticking speaking rep noticed breaking told phone gand likely work area kind send g phone model scthis working fineso far best customer service response solve issue,1,1
165,xmas deal new edition jethro scv flip quadband unlocked gsm senior kids cell phone sos emergency button large lcd large keypad,jethro,79,new edition jethro scv flip quadband unlocked gsm senior kids cell phone sos emergency button large lcd large keypada nice phone easy operate cost friendly light easily portable use micro sim save music photos,5,0
166,xmas deal new edition jethro scv flip quadband unlocked gsm senior kids cell phone sos emergency button large lcd large keypad,jethro,79,great hard time getting old sim card work verizon hooked,5,0
167,xmas deal new edition jethro scv flip quadband unlocked gsm senior kids cell phone sos emergency button large lcd large keypad,jethro,79,good phone year old dad wanted camera probably wouldnt able deal iphone needs memory card camera work nice set speed dials,3,0
168,xmas deal new edition jethro scv flip quadband unlocked gsm senior kids cell phone sos emergency button large lcd large keypad,jethro,79,bought phone supposedly able work straighttalk tracfone tracfone sim card board bought buck straighttalk minutes card discovered compatible straighttalk ther local wally world wants bucks sim card kit worksupposedly daughter worked hour called available number good expert todays high tech cheaper tracfone card available ill ask daughter try time job family care point way manual use download pdf print regular pages readers strength magnifying glass wouldnt recommend particularly elderly people im ready turn,1,1
169,xmas deal new edition jethro scv flip quadband unlocked gsm senior kids cell phone sos emergency button large lcd large keypad,jethro,79,met expectations easy use gave gift veto elderly relative loves,5,1
170,xmas deal new edition jethro scv flip quadband unlocked gsm senior kids cell phone sos emergency button large lcd large keypad,jethro,79,bought phone year old aunt easy use certainly recommend purchased brand senior phone price didnt weeks quality phone screen,5,1
171,xmas deal new edition jethro scv flip quadband unlocked gsm senior kids cell phone sos emergency button large lcd large keypad,jethro,79,received product,5,0
172,xmas deal new edition jethro scv flip quadband unlocked gsm senior kids cell phone sos emergency button large lcd large keypad,jethro,79,good phone elderly people,5,4
173,xmas deal new edition jethro scv flip quadband unlocked gsm senior kids cell phone sos emergency button large lcd large keypad,jethro,79,bought mom loves,5,8
174,xmas deal new edition jethro scv flip quadband unlocked gsm senior kids cell phone sos emergency button large lcd large keypad,jethro,79,searched unlocked flip phones old tmobil longer works housethis looks good capability second minisimi need simplicity husband barely answer flip phone let use desire buy mini simi believe badly described manual bad english different phone,1,1
175,xmas deal new edition jethro scv flip quadband unlocked gsm senior kids cell phone sos emergency button large lcd large keypad,jethro,79,sensitive track phone jethro easier read,3,0
176,xmas deal new edition jethro scv flip quadband unlocked gsm senior kids cell phone sos emergency button large lcd large keypad,jethro,79,unhappy purchase paid shipped received found staight talk longer work att cell phone carrier area able send pay postage happy ken,1,0
177,xmas deal new edition jethro scv flip quadband unlocked gsm senior kids cell phone sos emergency button large lcd large keypad,jethro,79,computer programmer admit transition smartphone mainly sit computer everyday need access smartphone apps use laptop screens tiny farsighted means use smartphone going carry items reading glassesbut adventurous type biking motorcycling hang gliding scuba etc find need assistance risky adventures live need help car breakdown home injury situation bought prepaid cells thought thats problem solved wasnt kept pocket dialing couldnt screen worse thing battery dead days cell phone emergencies forget charge prepaid didnt work emergency phonejethro solved problem big screen clamshell inexpensive prepaid soooo useful clamshell pocket dialing big screen dont carry reading glasses actually little taking todo notes calculator great fm radio flashlight battery lasts week standby mode honestly havent real emergency phone placed test calls works great jethro took prepaid tmobile sim problems running minutesso need cellphone throw backpack glove box case emergency plus inexpensive break lose biggie,5,1
178,xmas deal new edition jethro scv flip quadband unlocked gsm senior kids cell phone sos emergency button large lcd large keypad,jethro,79,fast shipping accurate description,5,1
179,xmas deal new edition jethro scv flip quadband unlocked gsm senior kids cell phone sos emergency button large lcd large keypad,jethro,79,phone unable maintain signal weeks usage tmobile network hope defected product,2,1
180,xmas deal new edition jethro scv flip quadband unlocked gsm senior kids cell phone sos emergency button large lcd large keypad,jethro,79,great phone,5,0
181,xmas deal new edition jethro scv flip quadband unlocked gsm senior kids cell phone sos emergency button large lcd large keypad,jethro,79,shortly return window closed stopped taking charge turn,1,0
182,xmas deal new edition jethro scv flip quadband unlocked gsm senior kids cell phone sos emergency button large lcd large keypad,jethro,79,stopped working months happy phone,1,0
183,xmas deal new edition jethro scv flip quadband unlocked gsm senior kids cell phone sos emergency button large lcd large keypad,jethro,79,defective product placed tmobile sim card phone read recommend purchasing phone,1,2
184,xmas deal jethro sc simple unlocked quadband gsm senior kids cell phone sos button easy use light weight large keyboard new firmware edition,jethro,59,sound quality poor speaker phone,2,0
185,xmas deal jethro sc simple unlocked quadband gsm senior kids cell phone sos button easy use light weight large keyboard new firmware edition,jethro,59,great phone,5,0
186,xmas deal jethro sc simple unlocked quadband gsm senior kids cell phone sos button easy use light weight large keyboard new firmware edition,jethro,59,excelente,5,0
187,xmas deal jethro sc simple unlocked quadband gsm senior kids cell phone sos button easy use light weight large keyboard new firmware edition,jethro,59,phone met expectations dad loved enjoying,5,0
188,xmas deal jethro sc simple unlocked quadband gsm senior kids cell phone sos button easy use light weight large keyboard new firmware edition,jethro,59,issue expectation mismatch thing phone smaller expected think good thing elderly hearing aid equipped people work better physical dimensions larger secondly time hold red button turning phone short year old mother law turns phone hanging upthat said phone works fine buttons numbers large,3,5
189,xmas deal jethro sc simple unlocked quadband gsm senior kids cell phone sos button easy use light weight large keyboard new firmware edition,jethro,59,bought elderly grandfather vocal like likes phone loud simple doesnt need glasses use able sync att,5,0
190,xmas deal jethro sc simple unlocked quadband gsm senior kids cell phone sos button easy use light weight large keyboard new firmware edition,jethro,59,needed older relative,5,0
191,xmas deal jethro sc simple unlocked quadband gsm senior kids cell phone sos button easy use light weight large keyboard new firmware edition,jethro,59,gift grandma south america loved thanks,5,0
192,xmas deal jethro sc simple unlocked quadband gsm senior kids cell phone sos button easy use light weight large keyboard new firmware edition,jethro,59,speakers garbage tells time military time,2,0
193,xmas deal jethro sc simple unlocked quadband gsm senior kids cell phone sos button easy use light weight large keyboard new firmware edition,jethro,59,bought phone elderly parent att sim card att phone jethro worked problem dropped calls receive phone phone hang person line im asking refund wasnt carrier phone bars phone calls took place,1,0
194,xmas deal jethro sc simple unlocked quadband gsm senior kids cell phone sos button easy use light weight large keyboard new firmware edition,jethro,59,great simple phone getting harder harder find want smartphone need phone elderly family member tech savvy great little phone gave stars carrier att recognize signature phone wound buy att friendly phone phone works billed system automatically charge smartphone extra bill recognize signature giving military reuse,4,9
195,xmas deal jethro sc simple unlocked quadband gsm senior kids cell phone sos button easy use light weight large keyboard new firmware edition,jethro,59,granny couldnt use phone wasnt able use locking phone function lock phone called people phone pocket lock easier phone great,2,1
196,xmas deal jethro sc simple unlocked quadband gsm senior kids cell phone sos button easy use light weight large keyboard new firmware edition,jethro,59,good sound easily senior end button turn buttonso elderly mom keeps turning phonewill find onewould purchase againthe purchase delivery scheduled,2,0
197,xmas deal jethro sc simple unlocked quadband gsm senior kids cell phone sos button easy use light weight large keyboard new firmware edition,jethro,59,surprised phone fm radio flashlight sos feature nice mom,5,0
198,xmas deal jethro sc simple unlocked quadband gsm senior kids cell phone sos button easy use light weight large keyboard new firmware edition,jethro,59,nice big numbers simple,5,0
199,xmas deal jethro sc simple unlocked quadband gsm senior kids cell phone sos button easy use light weight large keyboard new firmware edition,jethro,59,ordered phone work att called company told lack towers found odd cell att,1,0
200,xmas deal jethro sc simple unlocked quadband gsm senior kids cell phone sos button easy use light weight large keyboard new firmware edition,jethro,59,good hope phone seniors reminiscent cordless house phone makes easy use yearold buttons light bright ringtone volume adjustable max loud hearing problem surprisingly volume adjustable louder previous verizon flip phone max volume set cricket service phone takes mini sim card micro stated buy sim card micro ordered small mini sims original large cards live dont know people claiming phone doesnt work paid ish phone paid design functionality note concerned grandmother accidentally hit sos button phone disabled settings,5,23
201,xmas deal jethro sc simple unlocked quadband gsm senior kids cell phone sos button easy use light weight large keyboard new firmware edition,jethro,59,good,5,1
202,xmas deal jethro sc simple unlocked quadband gsm senior kids cell phone sos button easy use light weight large keyboard new firmware edition,jethro,59,thank,5,1
203,xmas deal jethro sc simple unlocked quadband gsm senior kids cell phone sos button easy use light weight large keyboard new firmware edition,jethro,59,easy use mother use,4,1
204,xmas deal jethro sc simple unlocked quadband gsm senior kids cell phone sos button easy use light weight large keyboard new firmware edition,jethro,59,word wise check seller type service phone work technically challenged like learned new unlocked unlocked mobile service carriers like sprint helpful read product description purchasing like perfect phone seniors apparently senior moment ordered,3,7
205,xmas deal jethro sc simple unlocked quadband gsm senior kids cell phone sos button easy use light weight large keyboard new firmware edition,jethro,59,sim card provider work phone returning phone,2,2
206,xmas deal jethro sc simple unlocked quadband gsm senior kids cell phone sos button easy use light weight large keyboard new firmware edition,jethro,59,purchased phone parents difficulties small buttons phones thanks size buttons display squinting love keys raised menu layout simple use programmable numbers makes easy frequently numbers ringer volume good buy,5,14
207,xmas deal jethro sc simple unlocked quadband gsm senior kids cell phone sos button easy use light weight large keyboard new firmware edition,jethro,59,little bit effort able familiarize phone intuitive came nice easy read booklet purchasing checked web site inserted sim card charged battery took couple hours problems cell phone didnt experience mistakenly set language portuguese couldnt figure luckily online tutorials web site restored phone factory setting english able figure phone easily thing figured use military time pm equal setting time pm setting happy phone hearing impaired able hear basic ring loud pocket face keypad leg speaker comes louder thing set table face ring loud clear questioned lanyard emailed jethro company got right confirmed small hole upper left accommodate lanyard removing feeding lanyard hole looping replacing customer service nice answered question easy understand manner phone lock pocket wont random dial need press asterisks screen says phone unlocked dial phone accepts turning exactly simple phone looking returned work went model use consumer cellular expensive aarp discount hours talk month,5,11
208,xmas deal jethro sc simple unlocked quadband gsm senior kids cell phone sos button easy use light weight large keyboard new firmware edition,jethro,59,great simple use phone mother big buttons easy use use arm charge cradle great benefit easy setup good clarity gets good signal,5,1
209,xmas deal jethro sc simple unlocked quadband gsm senior kids cell phone sos button easy use light weight large keyboard new firmware edition,jethro,59,bought mom late highest rated senior phone stopped working hated phone confusing operate menu functions took chance despite complaints read reviewssome problems addressed corrected longer difficult lock unlock keys press lower left button couple seconds word locked comes assume thats says spanish set moms phone spanish second way directional key didnt need try mom got right away definitely good technologyanother complaint clock set military hr time choose set hrthe phone easy set relief compared previous phone lets face non seniors probably set effort simplify phones away buttons makes harder navigatethe phone light weight ringer loud like cradle easier senior cant beat price worked sim cardon negative agree complaint loud turned volume way afraid mom able hear caller agreed chance exchange hearing great cover thin plastic afraid break removed wish alarmwhen comes senior phones slim pickings half price old comes close meeting requirements seniors hard hearing need louder,4,20
210,xmas deal jethro sc simple unlocked quadband gsm senior kids cell phone sos button easy use light weight large keyboard new firmware edition,jethro,59,returning product volume absolutely abysmal maximum audible bought elderly mother way able hear phone marketed elderly disgrace,1,0
211,xmas deal jethro sc simple unlocked quadband gsm senior kids cell phone sos button easy use light weight large keyboard new firmware edition,jethro,59,simple use tiem updates att,4,0
212,xmas deal jethro sc simple unlocked quadband gsm senior kids cell phone sos button easy use light weight large keyboard new firmware edition,jethro,59,phone number comes daily spam calls annoying phone good,3,0
213,xmas deal jethro sc simple unlocked quadband gsm senior kids cell phone sos button easy use light weight large keyboard new firmware edition,jethro,59,perfect great inexpensive phone senior bright large backlit numbers clear controls large number buttons light weight flash light gsmfor paid wanted breath fresh air smart phonesgood battery life lucked choosing buy backup father tends misplace thingsi giv mobile unlimited talktext mb data month contract,5,11
214,xmas deal jethro sc simple unlocked quadband gsm senior kids cell phone sos button easy use light weight large keyboard new firmware edition,jethro,59,good phone mom big numbers settings somewhat confusing,4,1
215,xmas deal jethro sc simple unlocked quadband gsm senior kids cell phone sos button easy use light weight large keyboard new firmware edition,jethro,59,locks accidentally screen small read text message easy use elderly person,1,0
216,xmas deal jethro sc simple unlocked quadband gsm senior kids cell phone sos button easy use light weight large keyboard new firmware edition,jethro,59,bought elderly mother pretty nice fairly easy use importantly large buttons fairly large display easy add att accounta couple negatives sos button nice feature fairly easy set prepared false alarms issue phone displays time hours system example pm extremely confusing mother bought phone nov called jethro dec advised firmware update coming late dec early jan waited feb emailed told update fix time display issue expected march continue checking support section website ive called emailed times issue told thing everytime fireware update coming months advised phone displays time hour system,3,8
217,xmas deal jethro sc simple unlocked quadband gsm senior kids cell phone sos button easy use light weight large keyboard new firmware edition,jethro,59,bought phone grandma doesnt receive calls tried manual selection network factory reset happened att,2,0
218,xmas deal jethro sc simple unlocked quadband gsm senior kids cell phone sos button easy use light weight large keyboard new firmware edition,jethro,59,good phone emergencies numbers nice big easy use thank,5,0
219,xmas deal jethro sc simple unlocked quadband gsm senior kids cell phone sos button easy use light weight large keyboard new firmware edition,jethro,59,work iwirless,4,0
220,xmas deal jethro sc simple unlocked quadband gsm senior kids cell phone sos button easy use light weight large keyboard new firmware edition,jethro,59,cyrillic surprize,4,0
221,xmas deal jethro sc simple unlocked quadband gsm senior kids cell phone sos button easy use light weight large keyboard new firmware edition,jethro,59,bought phone year old mother hearing impaired hear,2,0
222,xmas deal jethro sc simple unlocked quadband gsm senior kids cell phone sos button easy use light weight large keyboard new firmware edition,jethro,59,arrival phone couldnt charge frustrating,2,1
223,xmas deal jethro sc simple unlocked quadband gsm senior kids cell phone sos button easy use light weight large keyboard new firmware edition,jethro,59,looks good advertised instructions easy follow keys large fairly easy,4,0
224,xmas deal jethro sc simple unlocked quadband gsm senior kids cell phone sos button easy use light weight large keyboard new firmware edition,jethro,59,dad loves works great confusing bells whistles,5,0
225,xmas deal jethro sc simple unlocked quadband gsm senior kids cell phone sos button easy use light weight large keyboard new firmware edition,jethro,59,bad week bought turn offnot worth hassle dont buy,1,0
226,xmas deal jethro sc simple unlocked quadband gsm senior kids cell phone sos button easy use light weight large keyboard new firmware edition,jethro,59,grandmas love bigger screen ringtones,4,0
227,xmas deal jethro sc simple unlocked quadband gsm senior kids cell phone sos button easy use light weight large keyboard new firmware edition,jethro,59,looking,5,1
228,xmas deal jethro sc simple unlocked quadband gsm senior kids cell phone sos button easy use light weight large keyboard new firmware edition,jethro,59,mom doesnt like kind change taken time effort embrace versus old flip phone,5,1
229,xmas deal jethro sc simple unlocked quadband gsm senior kids cell phone sos button easy use light weight large keyboard new firmware edition,jethro,59,pros cradle nice lack camera cheaper snapfoncons reception terrible tmobile phones work inside house apparently g phased expect reception worse time timedate set automatically seriously year unlike phone buttons directly screen actually navigation buttons speed dials probably problem someones phone drove nuts fcc id phone illegal use poor manufacturing quality battery hard insert remove battery slightly big supposed fit voice mail number programmed similar timedate phone ive picked setting network automatically reviews mentioned hangup button pressed longer second phone powers easy accidentally,2,0
230,xmas deal jethro sc simple unlocked quadband gsm senior kids cell phone sos button easy use light weight large keyboard new firmware edition,jethro,59,stopped working month use,1,0
231,xmas deal jethro sc simple unlocked quadband gsm senior kids cell phone sos button easy use light weight large keyboard new firmware edition,jethro,59,placement buttons particular confusing elderly father use tried numerous times phone turn simple work longer charges comes weeks fortunately didnt cost waste money,1,0
232,xmas deal jethro sc simple unlocked quadband gsm senior kids cell phone sos button easy use light weight large keyboard new firmware edition,jethro,59,bought phone simple option year old father like big buttons charging cradle phone feels cheap afraid id break plastic pieces pulling cover battery sim card nstalled different sim cards cricket wireless att network store connected dont know sure broken phone incompatibility reviewers saying connected att leads think wrong phone phone going im going try brand,2,0
233,xmas deal jethro sc simple unlocked quadband gsm senior kids cell phone sos button easy use light weight large keyboard new firmware edition,jethro,59,giving stars dont know durability perfect says quality good sos speed dial direct dial works great quality phone good docking station issue issue direct charging rate stars perfect,4,0
234,xmas deal jethro sc simple unlocked quadband gsm senior kids cell phone sos button easy use light weight large keyboard new firmware edition,jethro,59,real nice simple phone grandma,5,0
235,xmas deal jethro sc simple unlocked quadband gsm senior kids cell phone sos button easy use light weight large keyboard new firmware edition,jethro,59,basic features necessary seniors,4,0
236,xmas deal jethro sc simple unlocked quadband gsm senior kids cell phone sos button easy use light weight large keyboard new firmware edition,jethro,59,returned read sim card,3,0
237,xmas deal jethro sc simple unlocked quadband gsm senior kids cell phone sos button easy use light weight large keyboard new firmware edition,jethro,59,great phone elderly familiar w cell phones numbers largeeasier,5,1
238,xmas deal jethro sc simple unlocked quadband gsm senior kids cell phone sos button easy use light weight large keyboard new firmware edition,jethro,59,working,1,1
239,xmas deal jethro sc simple unlocked quadband gsm senior kids cell phone sos button easy use light weight large keyboard new firmware edition,jethro,59,year old mother partially blind easily read numbers phone great thing phone supports g work att microcell house limited cell coverage house microcell phone receive cell signal majority time,3,2
240,xmas deal jethro sc simple unlocked quadband gsm senior kids cell phone sos button easy use light weight large keyboard new firmware edition,jethro,59,loving,5,1
241,xmas deal jethro sc simple unlocked quadband gsm senior kids cell phone sos button easy use light weight large keyboard new firmware edition,jethro,59,love simple handset limited number features find trouble,5,1
242,xmas deal jethro sc simple unlocked quadband gsm senior kids cell phone sos button easy use light weight large keyboard new firmware edition,jethro,59,phone difficult unlock unlock phone need press unlock key times press wakes phone second press results message says press unlock key unlock press unlocks phone isnt easier method unlocking keyboard disabling lock altogetherif buying phone elderly technology issues lot difficulty phone unlock presses arent quick unlock sequence started unlock key pressed times phone locked instead unlocked difficult explain dexterity technology issuesi heard phone difficult unlock hard believe isnt easier method unlock phone called customer support confirmed phone unlock presses unlock phone alternative disable lock featureon plus sos key work doesnt require unlock keys sos key programmed send text messages thing note title phone indicates extra today raised price yesterday arent saving hate companies raise price tell going save paid black friday price lower normal price,2,5
243,xmas deal jethro sc simple unlocked quadband gsm senior kids cell phone sos button easy use light weight large keyboard new firmware edition,jethro,59,wish ring louder heard ok hard hearing like louder easy work like lot buttons pushed accidentally buy friend wondering compatible verizononly problem setting book says settings doesnt tell settings left utton key push phone book pushing arrow lead settings unlock phone set rings,4,3
244,xmas deal jethro sc simple unlocked quadband gsm senior kids cell phone sos button easy use light weight large keyboard new firmware edition,jethro,59,worked alright qccidetly pushed silent button wich explained miserable chinglish user guidethen completely stopped incoming callsand icound reset,3,1
245,xmas deal jethro sc simple unlocked quadband gsm senior kids cell phone sos button easy use light weight large keyboard new firmware edition,jethro,59,reviewing grandmothers bills realized paying month jitterbug phone unlimited talk minutes month text sent bought phone att add contract line plan month gave works great,5,7
246,xmas deal jethro sc simple unlocked quadband gsm senior kids cell phone sos button easy use light weight large keyboard new firmware edition,jethro,59,word wise check seller type service phone work technically challenged like learned new unlocked unlocked mobile service carriers like sprint helpful read product description purchasing like perfect phone seniors apparently senior moment ordered,3,7
247,xmas deal jethro sc simple unlocked quadband gsm senior kids cell phone sos button easy use light weight large keyboard new firmware edition,jethro,59,sim card provider work phone returning phone,2,2
248,xmas deal jethro sc simple unlocked quadband gsm senior kids cell phone sos button easy use light weight large keyboard new firmware edition,jethro,59,purchased phone parents difficulties small buttons phones thanks size buttons display squinting love keys raised menu layout simple use programmable numbers makes easy frequently numbers ringer volume good buy,5,14
249,xmas deal jethro sc simple unlocked quadband gsm senior kids cell phone sos button easy use light weight large keyboard new firmware edition,jethro,59,great phone,5,0
250,xmas deal jethro sc simple unlocked quadband gsm senior kids cell phone sos button easy use light weight large keyboard new firmware edition,jethro,59,excelente,5,0
251,xmas deal jethro sc simple unlocked quadband gsm senior kids cell phone sos button easy use light weight large keyboard new firmware edition,jethro,59,phone met expectations dad loved enjoying,5,0
252,xmas deal jethro sc simple unlocked quadband gsm senior kids cell phone sos button easy use light weight large keyboard new firmware edition,jethro,59,issue expectation mismatch thing phone smaller expected think good thing elderly hearing aid equipped people work better physical dimensions larger secondly time hold red button turning phone short year old mother law turns phone hanging upthat said phone works fine buttons numbers large,3,5
253,xmas deal jethro sc simple unlocked quadband gsm senior kids cell phone sos button easy use light weight large keyboard new firmware edition,jethro,59,bought elderly grandfather vocal like likes phone loud simple doesnt need glasses use able sync att,5,0
254,xmas deal jethro sc simple unlocked quadband gsm senior kids cell phone sos button easy use light weight large keyboard new firmware edition,jethro,59,needed older relative,5,0
255,xmas deal jethro sc simple unlocked quadband gsm senior kids cell phone sos button easy use light weight large keyboard new firmware edition,jethro,59,gift grandma south america loved thanks,5,0
256,xmas deal jethro sc simple unlocked quadband gsm senior kids cell phone sos button easy use light weight large keyboard new firmware edition,jethro,59,speakers garbage tells time military time,2,0
257,xmas deal jethro sc simple unlocked quadband gsm senior kids cell phone sos button easy use light weight large keyboard new firmware edition,jethro,59,bought phone elderly parent att sim card att phone jethro worked problem dropped calls receive phone phone hang person line im asking refund wasnt carrier phone bars phone calls took place,1,0
258,xmas deal jethro sc simple unlocked quadband gsm senior kids cell phone sos button easy use light weight large keyboard new firmware edition,jethro,59,great simple phone getting harder harder find want smartphone need phone elderly family member tech savvy great little phone gave stars carrier att recognize signature phone wound buy att friendly phone phone works billed system automatically charge smartphone extra bill recognize signature giving military reuse,4,9
259,inch epassion unlocked smart phone tablet phablet android kitkat gsmwcdma tablet phone unlocked dual sim cardquad core att cricketstraight talk tmobilehnet g phone tablet g ram g romfree leather case,e passion,99,sim card dose read point selling tablet phone dont work,1,1
260,inch epassion unlocked smart phone tablet phablet android kitkat gsmwcdma tablet phone unlocked dual sim cardquad core att cricketstraight talk tmobilehnet g phone tablet g ram g romfree leather case,e passion,99,item worth money paid cant find memory card screen isnt clear blurred item sucks,1,1
261,inch epassion unlocked smart phone tablet phablet android kitkat gsmwcdma tablet phone unlocked dual sim cardquad core att cricketstraight talk tmobilehnet g phone tablet g ram g romfree leather case,e passion,99,good phone,5,0
262,inch epassion unlocked smart phone tablet phablet android kitkat gsmwcdma tablet phone unlocked dual sim cardquad core att cricketstraight talk tmobilehnet g phone tablet g ram g romfree leather case,e passion,99,tablet looking sim card work sd card read charger cord brokei purchase anotherim upset productreally surprise wanted tablet things,1,1
263,inch epassion unlocked smart phone tablet phablet android kitkat gsmwcdma tablet phone unlocked dual sim cardquad core att cricketstraight talk tmobilehnet g phone tablet g ram g romfree leather case,e passion,99,charging battery screen waves interference point use tablet charging returned tablet,2,4
264,inch epassion unlocked smart phone tablet phablet android kitkat gsmwcdma tablet phone unlocked dual sim cardquad core att cricketstraight talk tmobilehnet g phone tablet g ram g romfree leather case,e passion,99,little ok use straighttalk unlimited plan g phone att g sim lot chinese apps remove viewing angles screen best looks sharp straight excellent quality picture video netflix poor camera texts networks reached att friends android kitty kat use google apps voice search excellent decipher worn gravely southern accent time work great phone international travel pop european sim extra slot business phablet better camera steal battery days phone surf use wifi continuously need recharge going kept,4,7
265,inch epassion unlocked smart phone tablet phablet android kitkat gsmwcdma tablet phone unlocked dual sim cardquad core att cricketstraight talk tmobilehnet g phone tablet g ram g romfree leather case,e passion,99,venezuela battery charger damaged venezuela warranty battery charger tablet,3,6
266,inch epassion unlocked smart phone tablet phablet android kitkat gsmwcdma tablet phone unlocked dual sim cardquad core att cricketstraight talk tmobilehnet g phone tablet g ram g romfree leather case,e passion,99,tablet worked months giving trouble connect wifi play store access sucks,2,0
267,inch epassion unlocked smart phone tablet phablet android kitkat gsmwcdma tablet phone unlocked dual sim cardquad core att cricketstraight talk tmobilehnet g phone tablet g ram g romfree leather case,e passion,99,nice daughter uses everyday year going strongshe loves,5,0
268,inch epassion unlocked smart phone tablet phablet android kitkat gsmwcdma tablet phone unlocked dual sim cardquad core att cricketstraight talk tmobilehnet g phone tablet g ram g romfree leather case,e passion,99,good,4,0
269,inch epassion unlocked smart phone tablet phablet android kitkat gsmwcdma tablet phone unlocked dual sim cardquad core att cricketstraight talk tmobilehnet g phone tablet g ram g romfree leather case,e passion,99,thanks best supply,5,0
270,inch epassion unlocked smart phone tablet phablet android kitkat gsmwcdma tablet phone unlocked dual sim cardquad core att cricketstraight talk tmobilehnet g phone tablet g ram g romfree leather case,e passion,99,doesnt google play picture description says contacted epassion worse useless kept telling stupid stuff like install google play non existent app market obvious didnt understand english,1,0
271,inch epassion unlocked smart phone tablet phablet android kitkat gsmwcdma tablet phone unlocked dual sim cardquad core att cricketstraight talk tmobilehnet g phone tablet g ram g romfree leather case,e passion,99,upset tablet work sending replacing,1,0
272,inch epassion unlocked smart phone tablet phablet android kitkat gsmwcdma tablet phone unlocked dual sim cardquad core att cricketstraight talk tmobilehnet g phone tablet g ram g romfree leather case,e passion,99,excellent,5,0
273,inch epassion unlocked smart phone tablet phablet android kitkat gsmwcdma tablet phone unlocked dual sim cardquad core att cricketstraight talk tmobilehnet g phone tablet g ram g romfree leather case,e passion,99,great phablet general uses,5,0
274,inch epassion unlocked smart phone tablet phablet android kitkat gsmwcdma tablet phone unlocked dual sim cardquad core att cricketstraight talk tmobilehnet g phone tablet g ram g romfree leather case,e passion,99,great love,3,0
275,inch epassion unlocked smart phone tablet phablet android kitkat gsmwcdma tablet phone unlocked dual sim cardquad core att cricketstraight talk tmobilehnet g phone tablet g ram g romfree leather case,e passion,99,liked language mandarin hk downland apps android stores,2,0
278,unlocked rugged micro android smart phone dualsim wifi bluetooth,cedar tree technologies,66,got complete working scale model office little phone actually pretty accurate touch screen fat fingers hit little tiny keys keyboard probably bad phone kids handsi cant im disappointed got yellow thats wanted color stock green got yellow drop star went battery discovered phone rugged battery cover simply snaps seals protect water splashes minus starall bad smartphone space tankbag motorbike hiking bag zip bag bluetooth keyboard mouse vnc like lot easier set,3,1
279,unlocked rugged micro android smart phone dualsim wifi bluetooth,cedar tree technologies,66,arrived broken forgot send,1,0
280,unlocked rugged micro android smart phone dualsim wifi bluetooth,cedar tree technologies,66,phone worth money plastic flimsy phone hardly works trying return dont waste money,1,1
281,unlocked rugged micro android smart phone dualsim wifi bluetooth,cedar tree technologies,66,like size phone happened days supposed things smaller suppose days gone people needing watch youtube videos pthis phone right size internal memory desired doesnt use micro sd card slot apps know probably rooted accomodate rooted install app isnt easier way like ota update im technically savvy like install app supposed smart phoneother quirks like phone use daily driver intimidated mother nature speaker soft times works meif changes review ill update im able,3,0
282,gsm factory unlocked smartphone qhd android lollipop bluetooth wifi,indigi,95,partial internet workingbut indigi workin ithope ok,3,0
283,gsm factory unlocked smartphone qhd android lollipop bluetooth wifi,indigi,95,second sim card use activated phone contacted company response im currently research matter early rate cause phone weeks,1,0
284,latest mini small android smart mobile cell phone touch screen work worldwide gold,phone baby,79,little phone great compact easy use love michelleheraud,5,1
285,latest mini small android smart mobile cell phone touch screen work worldwide black,phone baby,79,little phone great compact easy use love michelleheraud,5,1
286,latest mini small android smart mobile cell phone touch screen work worldwide rose gold,phone baby,79,little phone great compact easy use love michelleheraud,5,1
287,newest unlocked indigi white wireless smartphone android dual sim unlocked,indigi,109,hate sending keeps blinking want refund,1,1
288,newest unlocked indigi white wireless smartphone android dual sim unlocked,indigi,109,lots nice features touch response slow nice looking phone use phone week write review sound volume poor,3,1
289,pack replacement belt clip holster otterbox iphone defender case black,otterbox,17,buy work good price extremely durable average person hvac break lot holster fault,5,0
290,pack replacement belt clip holster otterbox iphone defender case black,otterbox,17,wonderful got son tends break extras going hassle ordering thanks rates stars,5,0
291,pack replacement belt clip holster otterbox iphone defender case black,otterbox,17,job barely,3,0
292,pack replacement belt clip holster otterbox iphone defender case black,otterbox,17,lasting longer oem,5,0
293,pack replacement belt clip holster otterbox iphone defender case black,otterbox,17,crear product fast arrived,5,0
294,pack replacement belt clip holster otterbox iphone defender case black,otterbox,17,good thing order pack poor quality burned cases,3,0
295,pack replacement belt clip holster otterbox iphone defender case black,otterbox,17,works great,4,0
296,pack replacement belt clip holster otterbox iphone defender case black,otterbox,17,looks like original believe original lot cheaper,5,0
297,pack replacement belt clip holster otterbox iphone defender case black,otterbox,17,work nice price bought,4,0
298,pack replacement belt clip holster otterbox iphone defender case black,otterbox,17,bought father little month ago able today phone holsters phone wasnt held securely original otterbox holster compared phone fits snugly holsters basically otterbox piece holds phone place replacement holsters allows phone slip barely bumped wouldve loved return window passed,1,0
299,pack replacement belt clip holster otterbox iphone defender case black,otterbox,17,great,5,0
300,pack replacement belt clip holster otterbox iphone defender case black,otterbox,17,great value uses otterbox defender,5,0
301,pack replacement belt clip holster otterbox iphone defender case black,otterbox,17,great buy service,5,0
302,pack replacement belt clip holster otterbox iphone defender case black,otterbox,17,work great,5,0
303,pack replacement belt clip holster otterbox iphone defender case black,otterbox,17,bought pack working hasnt broke holds phone bulk leather flip case,5,0
304,pack replacement belt clip holster otterbox iphone defender case black,otterbox,17,thick old,5,0
305,pack replacement belt clip holster otterbox iphone defender case black,otterbox,17,purchased pack weeks broke today brittle slightly smaller need fit defender case otterbox clip lasted year finally broke recommend item,1,0
306,pack replacement belt clip holster otterbox iphone defender case black,otterbox,17,clip breaks easily ok price,4,0
307,pack replacement belt clip holster otterbox iphone defender case black,otterbox,17,fits advertised,5,0
308,pack replacement belt clip holster otterbox iphone defender case black,otterbox,17,like number reviewers break holsters months otterbox good warranty honestly pain lot knockoffs main competitor worse names mentioned like otterbox phones issue holster breakage decided generic holsters try month backups far issues appear look work otterbox brand fraction cost break buy easier faster replacements otterbox mention competitor willing chance generic good choice july months later looks like new works perfectly treat gently happy far,5,1
309,pack replacement belt clip holster otterbox iphone defender case black,otterbox,17,order months husbands phone brakes clip theses good price helps ordering month fit case clip belt problems,4,0
310,pack replacement belt clip holster otterbox iphone defender case black,otterbox,17,,5,0
311,pack replacement belt clip holster otterbox iphone defender case black,otterbox,17,good product described,5,0
312,pack replacement belt clip holster otterbox iphone defender case black,otterbox,17,original lower price,5,0
313,pack replacement belt clip holster otterbox iphone defender case black,otterbox,17,husband breaks otter box belt clip months great pack fit perfect otter box,5,0
314,pack replacement belt clip holster otterbox iphone defender case black,otterbox,17,work fine,5,0
315,pack replacement belt clip holster otterbox iphone defender case black,otterbox,17,look feel fit like original pressed china instead mexico complaints,5,0
316,pack replacement belt clip holster otterbox iphone defender case black,otterbox,17,clearly knockoff snapped weeks couple bucks unexpected,2,0
317,pack replacement belt clip holster otterbox iphone defender case black,otterbox,17,anybody otterbox knows belt clips break frequently clips long brand better price fast shipment,5,0
318,pack replacement belt clip holster otterbox iphone defender case black,otterbox,17,got belt clip functioner properly,1,0
477,inch unlocked lenovo smartphone white ips screen pixel gb mt dual core android dual camera auto focus flashrooted google play,lenovo,2000,recomendado,5,0
480,g huawei honor plus peul fnc gbgb inch fhd emui android smart phone octa core hisilicon kirin ghz mah dual sim fddlte wcdma gsm white international version,huawei,228,im happy new phone fast,5,0
481,g huawei honor plus peul fnc gbgb inch fhd emui android smart phone octa core hisilicon kirin ghz mah dual sim fddlte wcdma gsm white international version,huawei,228,perfect design pity use tmobile network,5,0
489,gunlocked huawei honor tft ltps screen x pixel mp camare android kirin octacore smartphone gb ramgb rom dual sim white international version warranty,huawei,161,nice phone working usa ggg,4,0
490,gunlocked huawei honor tft ltps screen x pixel mp camare android kirin octacore smartphone gb ramgb rom dual sim white international version warranty,huawei,161,good,5,0
491,gunlocked huawei honor tft ltps screen x pixel mp camare android kirin octacore smartphone gb ramgb rom dual sim white international version warranty,huawei,161,bad bad support google play store,1,0
492,gunlocked huawei honor tft ltps screen x pixel mp camare android kirin octacore smartphone gb ramgb rom dual sim white international version warranty,huawei,161,ok,4,0
493,gunlocked huawei honor tft ltps screen x pixel mp camare android kirin octacore smartphone gb ramgb rom dual sim white international version warranty,huawei,161,got cover plus adhesive protection film sides,5,0
494,gunlocked huawei honor tft ltps screen x pixel mp camare android kirin octacore smartphone gb ramgb rom dual sim white international version warranty,huawei,161,excellent phone,5,0
495,gunlocked huawei honor tft ltps screen x pixel mp camare android kirin octacore smartphone gb ramgb rom dual sim white international version warranty,huawei,161,good phone hardware relative low price,5,1
496,cell phones unlocked android mtk quad core rom gb mp camera dual sim quadbandjuning gsmg smartphone white,juning,89,like phone nice price little hot thing didnt like went factory mode day didnt work bit phone great price,5,1
497,cell phones unlocked android mtk quad core rom gb mp camera dual sim quadbandjuning gsmg smartphone white,juning,89,use beneficiary,4,0
498,cell phones unlocked android mtk quad core rom gb mp camera dual sim quadbandjuning gsmg smartphone white,juning,89,attractive phone work arrival recommend,1,5
499,cell phones unlocked android mtk quad core rom gb mp camera dual sim quadbandjuning gsmg smartphone white,juning,89,phone works supposed beit need life easierits easy usei surf internet fastlisten musictake photos videos morethe camera great taking photos videos pretty clear dualfront camerathe sound quality loud low eitherhowever bluetooth pair bluetooth speaker want listen loud musicthis phone needs compare higher prices phonesit user friendly beautiful lcd displayand best thing unlockedand sim cardsstandard sim micro simgreat phone traveling different countryits comes everythingyou dont need purchase accessoriesit comes withusb cable chargerwall chargerscreen protectorclear flexible rubber caseuser manualoverall great phone great featuresrecommendedim glad test honest unbiased feedback opinion based experienced product,5,4
